ayah_id,surah_number,ayah_number,issue_type,severity,detail,evidence
32,2,26,unresolved_maddah_sign,warning,"Tanda maddah tidak dapat dipetakan ke nucleus mad core; kemungkinan termasuk mad harfi, farq, atau rasm khusus.","{""base_letter"": ""ي"", ""text"": ""يٖٓ""}"
32,2,26,unresolved_maddah_sign,warning,"Tanda maddah tidak dapat dipetakan ke nucleus mad core; kemungkinan termasuk mad harfi, farq, atau rasm khusus.","{""base_letter"": ""ه"", ""text"": ""هٖٓ""}"
33,2,27,unresolved_maddah_sign,warning,"Tanda maddah tidak dapat dipetakan ke nucleus mad core; kemungkinan termasuk mad harfi, farq, atau rasm khusus.","{""base_letter"": ""ه"", ""text"": ""هٖٓ""}"
57,2,51,unresolved_maddah_sign,warning,"Tanda maddah tidak dapat dipetakan ke nucleus mad core; kemungkinan termasuk mad harfi, farq, atau rasm khusus.","{""base_letter"": ""ى"", ""text"": ""ىٓ""}"
73,2,67,unresolved_maddah_sign,warning,"Tanda maddah tidak dapat dipetakan ke nucleus mad core; kemungkinan termasuk mad harfi, farq, atau rasm khusus.","{""base_letter"": ""ه"", ""text"": ""هٖٓ""}"
86,2,80,unresolved_maddah_sign,warning,"Tanda maddah tidak dapat dipetakan ke nucleus mad core; kemungkinan termasuk mad harfi, farq, atau rasm khusus.","{""base_letter"": ""ه"", ""text"": ""هٗٓ""}"
93,2,87,unresolved_maddah_sign,warning,"Tanda maddah tidak dapat dipetakan ke nucleus mad core; kemungkinan termasuk mad harfi, farq, atau rasm khusus.","{""base_letter"": ""ى"", ""text"": ""ىٓ""}"
96,2,90,unresolved_maddah_sign,warning,"Tanda maddah tidak dapat dipetakan ke nucleus mad core; kemungkinan termasuk mad harfi, farq, atau rasm khusus.","{""base_letter"": ""ه"", ""text"": ""هٖٓ""}"
99,2,93,unresolved_maddah_sign,warning,"Tanda maddah tidak dapat dipetakan ke nucleus mad core; kemungkinan termasuk mad harfi, farq, atau rasm khusus.","{""base_letter"": ""ه"", ""text"": ""هٖٓ""}"
108,2,102,unresolved_maddah_sign,warning,"Tanda maddah tidak dapat dipetakan ke nucleus mad core; kemungkinan termasuk mad harfi, farq, atau rasm khusus.","{""base_letter"": ""ه"", ""text"": ""هٖٓ""}"
118,2,112,unresolved_maddah_sign,warning,"Tanda maddah tidak dapat dipetakan ke nucleus mad core; kemungkinan termasuk mad harfi, farq, atau rasm khusus.","{""base_letter"": ""ه"", ""text"": ""هٗٓ""}"
132,2,126,unresolved_maddah_sign,warning,"Tanda maddah tidak dapat dipetakan ke nucleus mad core; kemungkinan termasuk mad harfi, farq, atau rasm khusus.","{""base_letter"": ""ه"", ""text"": ""هٗٓ""}"
137,2,131,unresolved_maddah_sign,warning,"Tanda maddah tidak dapat dipetakan ke nucleus mad core; kemungkinan termasuk mad harfi, farq, atau rasm khusus.","{""base_letter"": ""ه"", ""text"": ""هٗٓ""}"
202,2,196,unresolved_maddah_sign,warning,"Tanda maddah tidak dapat dipetakan ke nucleus mad core; kemungkinan termasuk mad harfi, farq, atau rasm khusus.","{""base_letter"": ""ه"", ""text"": ""هٖٓ""}"
251,2,245,unresolved_maddah_sign,warning,"Tanda maddah tidak dapat dipetakan ke nucleus mad core; kemungkinan termasuk mad harfi, farq, atau rasm khusus.","{""base_letter"": ""ه"", ""text"": ""هٗٓ""}"
254,2,248,unresolved_maddah_sign,warning,"Tanda maddah tidak dapat dipetakan ke nucleus mad core; kemungkinan termasuk mad harfi, farq, atau rasm khusus.","{""base_letter"": ""ه"", ""text"": ""هٖٓ""}"
261,2,255,unresolved_maddah_sign,warning,"Tanda maddah tidak dapat dipetakan ke nucleus mad core; kemungkinan termasuk mad harfi, farq, atau rasm khusus.","{""base_letter"": ""ه"", ""text"": ""هٗٓ""}"
261,2,255,unresolved_maddah_sign,warning,"Tanda maddah tidak dapat dipetakan ke nucleus mad core; kemungkinan termasuk mad harfi, farq, atau rasm khusus.","{""base_letter"": ""ه"", ""text"": ""هٖٓ""}"
264,2,258,unresolved_maddah_sign,warning,"Tanda maddah tidak dapat dipetakan ke nucleus mad core; kemungkinan termasuk mad harfi, farq, atau rasm khusus.","{""base_letter"": ""ه"", ""text"": ""هٖٓ""}"
281,2,275,unresolved_maddah_sign,warning,"Tanda maddah tidak dapat dipetakan ke nucleus mad core; kemungkinan termasuk mad harfi, farq, atau rasm khusus.","{""base_letter"": ""ه"", ""text"": ""هٗٓ""}"
284,2,278,unresolved_maddah_sign,warning,"Tanda maddah tidak dapat dipetakan ke nucleus mad core; kemungkinan termasuk mad harfi, farq, atau rasm khusus.","{""base_letter"": ""و"", ""text"": ""وٓ""}"
288,2,282,unresolved_maddah_sign,warning,"Tanda maddah tidak dapat dipetakan ke nucleus mad core; kemungkinan termasuk mad harfi, farq, atau rasm khusus.","{""base_letter"": ""ى"", ""text"": ""ىٓ""}"
289,2,283,unresolved_maddah_sign,warning,"Tanda maddah tidak dapat dipetakan ke nucleus mad core; kemungkinan termasuk mad harfi, farq, atau rasm khusus.","{""base_letter"": ""ه"", ""text"": ""هٗٓ""}"
298,3,7,unresolved_maddah_sign,warning,"Tanda maddah tidak dapat dipetakan ke nucleus mad core; kemungkinan termasuk mad harfi, farq, atau rasm khusus.","{""base_letter"": ""ه"", ""text"": ""هٗٓ""}"
321,3,30,unresolved_maddah_sign,warning,"Tanda maddah tidak dapat dipetakan ke nucleus mad core; kemungkinan termasuk mad harfi, farq, atau rasm khusus.","{""base_letter"": ""ه"", ""text"": ""هٗٓ""}"
324,3,33,unresolved_maddah_sign,warning,"Tanda maddah tidak dapat dipetakan ke nucleus mad core; kemungkinan termasuk mad harfi, farq, atau rasm khusus.","{""base_letter"": ""ى"", ""text"": ""ىٓ""}"
364,3,73,unresolved_maddah_sign,warning,"Tanda maddah tidak dapat dipetakan ke nucleus mad core; kemungkinan termasuk mad harfi, farq, atau rasm khusus.","{""base_letter"": ""ى"", ""text"": ""ىٓ""}"
366,3,75,unresolved_maddah_sign,warning,"Tanda maddah tidak dapat dipetakan ke nucleus mad core; kemungkinan termasuk mad harfi, farq, atau rasm khusus.","{""base_letter"": ""ه"", ""text"": ""هٖٓ""}"
366,3,75,unresolved_maddah_sign,warning,"Tanda maddah tidak dapat dipetakan ke nucleus mad core; kemungkinan termasuk mad harfi, farq, atau rasm khusus.","{""base_letter"": ""ه"", ""text"": ""هٖٓ""}"
394,3,103,unresolved_maddah_sign,warning,"Tanda maddah tidak dapat dipetakan ke nucleus mad core; kemungkinan termasuk mad harfi, farq, atau rasm khusus.","{""base_letter"": ""ه"", ""text"": ""هٖٓ""}"
421,3,130,unresolved_maddah_sign,warning,"Tanda maddah tidak dapat dipetakan ke nucleus mad core; kemungkinan termasuk mad harfi, farq, atau rasm khusus.","{""base_letter"": ""و"", ""text"": ""وٓ""}"
442,3,151,unresolved_maddah_sign,warning,"Tanda maddah tidak dapat dipetakan ke nucleus mad core; kemungkinan termasuk mad harfi, farq, atau rasm khusus.","{""base_letter"": ""م"", ""text"": ""مَٓ""}"
443,3,152,unresolved_maddah_sign,warning,"Tanda maddah tidak dapat dipetakan ke nucleus mad core; kemungkinan termasuk mad harfi, farq, atau rasm khusus.","{""base_letter"": ""ه"", ""text"": ""هٗٓ""}"
443,3,152,unresolved_maddah_sign,warning,"Tanda maddah tidak dapat dipetakan ke nucleus mad core; kemungkinan termasuk mad harfi, farq, atau rasm khusus.","{""base_letter"": ""ى"", ""text"": ""ىٓ""}"
493,4,2,unresolved_maddah_sign,warning,"Tanda maddah tidak dapat dipetakan ke nucleus mad core; kemungkinan termasuk mad harfi, farq, atau rasm khusus.","{""base_letter"": ""ى"", ""text"": ""ىٓ""}"
497,4,6,unresolved_maddah_sign,warning,"Tanda maddah tidak dapat dipetakan ke nucleus mad core; kemungkinan termasuk mad harfi, farq, atau rasm khusus.","{""base_letter"": ""ى"", ""text"": ""ىٓ""}"
502,4,11,unresolved_maddah_sign,warning,"Tanda maddah tidak dapat dipetakan ke nucleus mad core; kemungkinan termasuk mad harfi, farq, atau rasm khusus.","{""base_letter"": ""ه"", ""text"": ""هٗٓ""}"
502,4,11,unresolved_maddah_sign,warning,"Tanda maddah tidak dapat dipetakan ke nucleus mad core; kemungkinan termasuk mad harfi, farq, atau rasm khusus.","{""base_letter"": ""ه"", ""text"": ""هٗٓ""}"
503,4,12,unresolved_maddah_sign,warning,"Tanda maddah tidak dapat dipetakan ke nucleus mad core; kemungkinan termasuk mad harfi, farq, atau rasm khusus.","{""base_letter"": ""ه"", ""text"": ""هٗٓ""}"
509,4,18,unresolved_maddah_sign,warning,"Tanda maddah tidak dapat dipetakan ke nucleus mad core; kemungkinan termasuk mad harfi, farq, atau rasm khusus.","{""base_letter"": ""ى"", ""text"": ""ىٓ""}"
541,4,50,unresolved_maddah_sign,warning,"Tanda maddah tidak dapat dipetakan ke nucleus mad core; kemungkinan termasuk mad harfi, farq, atau rasm khusus.","{""base_letter"": ""ه"", ""text"": ""هٖٓ""}"
583,4,92,unresolved_maddah_sign,warning,"Tanda maddah tidak dapat dipetakan ke nucleus mad core; kemungkinan termasuk mad harfi, farq, atau rasm khusus.","{""base_letter"": ""ه"", ""text"": ""هٖٓ""}"
585,4,94,unresolved_maddah_sign,warning,"Tanda maddah tidak dapat dipetakan ke nucleus mad core; kemungkinan termasuk mad harfi, farq, atau rasm khusus.","{""base_letter"": ""ى"", ""text"": ""ىٓ""}"
608,4,117,unresolved_maddah_sign,warning,"Tanda maddah tidak dapat dipetakan ke nucleus mad core; kemungkinan termasuk mad harfi, farq, atau rasm khusus.","{""base_letter"": ""ه"", ""text"": ""هٖٓ""}"
626,4,135,unresolved_maddah_sign,warning,"Tanda maddah tidak dapat dipetakan ke nucleus mad core; kemungkinan termasuk mad harfi, farq, atau rasm khusus.","{""base_letter"": ""و"", ""text"": ""وٗٓ""}"
631,4,140,unresolved_maddah_sign,warning,"Tanda maddah tidak dapat dipetakan ke nucleus mad core; kemungkinan termasuk mad harfi, farq, atau rasm khusus.","{""base_letter"": ""ه"", ""text"": ""هٖٓ""}"
662,4,171,unresolved_maddah_sign,warning,"Tanda maddah tidak dapat dipetakan ke nucleus mad core; kemungkinan termasuk mad harfi, farq, atau rasm khusus.","{""base_letter"": ""ه"", ""text"": ""هٗٓ""}"
667,4,176,unresolved_maddah_sign,warning,"Tanda maddah tidak dapat dipetakan ke nucleus mad core; kemungkinan termasuk mad harfi, farq, atau rasm khusus.","{""base_letter"": ""ه"", ""text"": ""هٗٓ""}"
674,5,7,unresolved_maddah_sign,warning,"Tanda maddah tidak dapat dipetakan ke nucleus mad core; kemungkinan termasuk mad harfi, farq, atau rasm khusus.","{""base_letter"": ""ه"", ""text"": ""هٖٓ""}"
721,5,54,unresolved_maddah_sign,warning,"Tanda maddah tidak dapat dipetakan ke nucleus mad core; kemungkinan termasuk mad harfi, farq, atau rasm khusus.","{""base_letter"": ""ه"", ""text"": ""هٗٓ""}"
756,5,89,unresolved_maddah_sign,warning,"Tanda maddah tidak dapat dipetakan ke nucleus mad core; kemungkinan termasuk mad harfi, farq, atau rasm khusus.","{""base_letter"": ""ه"", ""text"": ""هٗٓ""}"
761,5,94,unresolved_maddah_sign,warning,"Tanda maddah tidak dapat dipetakan ke nucleus mad core; kemungkinan termasuk mad harfi, farq, atau rasm khusus.","{""base_letter"": ""ه"", ""text"": ""هٗٓ""}"
776,5,109,unresolved_maddah_sign,warning,"Tanda maddah tidak dapat dipetakan ke nucleus mad core; kemungkinan termasuk mad harfi, farq, atau rasm khusus.","{""base_letter"": ""ذ"", ""text"": ""ذَٓ""}"
782,5,115,unresolved_maddah_sign,warning,"Tanda maddah tidak dapat dipetakan ke nucleus mad core; kemungkinan termasuk mad harfi, farq, atau rasm khusus.","{""base_letter"": ""ه"", ""text"": ""هٗٓ""}"
784,5,117,unresolved_maddah_sign,warning,"Tanda maddah tidak dapat dipetakan ke nucleus mad core; kemungkinan termasuk mad harfi, farq, atau rasm khusus.","{""base_letter"": ""ه"", ""text"": ""هٖٓ""}"
804,6,17,unresolved_maddah_sign,warning,"Tanda maddah tidak dapat dipetakan ke nucleus mad core; kemungkinan termasuk mad harfi, farq, atau rasm khusus.","{""base_letter"": ""ه"", ""text"": ""هٗٓ""}"
857,6,70,unresolved_maddah_sign,warning,"Tanda maddah tidak dapat dipetakan ke nucleus mad core; kemungkinan termasuk mad harfi, farq, atau rasm khusus.","{""base_letter"": ""ه"", ""text"": ""هٖٓ""}"
858,6,71,unresolved_maddah_sign,warning,"Tanda maddah tidak dapat dipetakan ke nucleus mad core; kemungkinan termasuk mad harfi, farq, atau rasm khusus.","{""base_letter"": ""ه"", ""text"": ""هٗٓ""}"
858,6,71,unresolved_maddah_sign,warning,"Tanda maddah tidak dapat dipetakan ke nucleus mad core; kemungkinan termasuk mad harfi, farq, atau rasm khusus.","{""base_letter"": ""ه"", ""text"": ""هٗٓ""}"
867,6,80,unresolved_maddah_sign,warning,"Tanda maddah tidak dapat dipetakan ke nucleus mad core; kemungkinan termasuk mad harfi, farq, atau rasm khusus.","{""base_letter"": ""ه"", ""text"": ""هٖٓ""}"
871,6,84,unresolved_maddah_sign,warning,"Tanda maddah tidak dapat dipetakan ke nucleus mad core; kemungkinan termasuk mad harfi, farq, atau rasm khusus.","{""base_letter"": ""ه"", ""text"": ""هٗٓ""}"
878,6,91,unresolved_maddah_sign,warning,"Tanda maddah tidak dapat dipetakan ke nucleus mad core; kemungkinan termasuk mad harfi, farq, atau rasm khusus.","{""base_letter"": ""ه"", ""text"": ""هٖٓ""}"
886,6,99,unresolved_maddah_sign,warning,"Tanda maddah tidak dapat dipetakan ke nucleus mad core; kemungkinan termasuk mad harfi, farq, atau rasm khusus.","{""base_letter"": ""ه"", ""text"": ""هٖٓ""}"
886,6,99,unresolved_maddah_sign,warning,"Tanda maddah tidak dapat dipetakan ke nucleus mad core; kemungkinan termasuk mad harfi, farq, atau rasm khusus.","{""base_letter"": ""ذ"", ""text"": ""ذَٓ""}"
897,6,110,unresolved_maddah_sign,warning,"Tanda maddah tidak dapat dipetakan ke nucleus mad core; kemungkinan termasuk mad harfi, farq, atau rasm khusus.","{""base_letter"": ""ه"", ""text"": ""هٖٓ""}"
925,6,138,unresolved_maddah_sign,warning,"Tanda maddah tidak dapat dipetakan ke nucleus mad core; kemungkinan termasuk mad harfi, farq, atau rasm khusus.","{""base_letter"": ""ه"", ""text"": ""هٖٓ""}"
928,6,141,unresolved_maddah_sign,warning,"Tanda maddah tidak dapat dipetakan ke nucleus mad core; kemungkinan termasuk mad harfi, farq, atau rasm khusus.","{""base_letter"": ""ه"", ""text"": ""هٖٓ""}"
932,6,145,unresolved_maddah_sign,warning,"Tanda maddah tidak dapat dipetakan ke nucleus mad core; kemungkinan termasuk mad harfi, farq, atau rasm khusus.","{""base_letter"": ""ه"", ""text"": ""هٗٓ""}"
954,7,3,unresolved_maddah_sign,warning,"Tanda maddah tidak dapat dipetakan ke nucleus mad core; kemungkinan termasuk mad harfi, farq, atau rasm khusus.","{""base_letter"": ""ه"", ""text"": ""هٖٓ""}"
1005,7,54,unresolved_maddah_sign,warning,"Tanda maddah tidak dapat dipetakan ke nucleus mad core; kemungkinan termasuk mad harfi, farq, atau rasm khusus.","{""base_letter"": ""ه"", ""text"": ""هٖٓ""}"
1011,7,60,unresolved_maddah_sign,warning,"Tanda maddah tidak dapat dipetakan ke nucleus mad core; kemungkinan termasuk mad harfi, farq, atau rasm khusus.","{""base_letter"": ""ه"", ""text"": ""هٖٓ""}"
1017,7,66,unresolved_maddah_sign,warning,"Tanda maddah tidak dapat dipetakan ke nucleus mad core; kemungkinan termasuk mad harfi, farq, atau rasm khusus.","{""base_letter"": ""ه"", ""text"": ""هٖٓ""}"
1031,7,80,unresolved_maddah_sign,warning,"Tanda maddah tidak dapat dipetakan ke nucleus mad core; kemungkinan termasuk mad harfi, farq, atau rasm khusus.","{""base_letter"": ""ه"", ""text"": ""هٖٓ""}"
1033,7,82,unresolved_maddah_sign,warning,"Tanda maddah tidak dapat dipetakan ke nucleus mad core; kemungkinan termasuk mad harfi, farq, atau rasm khusus.","{""base_letter"": ""ه"", ""text"": ""هٖٓ""}"
1034,7,83,unresolved_maddah_sign,warning,"Tanda maddah tidak dapat dipetakan ke nucleus mad core; kemungkinan termasuk mad harfi, farq, atau rasm khusus.","{""base_letter"": ""ه"", ""text"": ""هٗٓ""}"
1062,7,111,unresolved_maddah_sign,warning,"Tanda maddah tidak dapat dipetakan ke nucleus mad core; kemungkinan termasuk mad harfi, farq, atau rasm khusus.","{""base_letter"": ""ا"", ""text"": ""آ""}"
1093,7,142,unresolved_maddah_sign,warning,"Tanda maddah tidak dapat dipetakan ke nucleus mad core; kemungkinan termasuk mad harfi, farq, atau rasm khusus.","{""base_letter"": ""ه"", ""text"": ""هٖٓ""}"
1101,7,150,unresolved_maddah_sign,warning,"Tanda maddah tidak dapat dipetakan ke nucleus mad core; kemungkinan termasuk mad harfi, farq, atau rasm khusus.","{""base_letter"": ""ه"", ""text"": ""هٗٓ""}"
1108,7,157,unresolved_maddah_sign,warning,"Tanda maddah tidak dapat dipetakan ke nucleus mad core; kemungkinan termasuk mad harfi, farq, atau rasm khusus.","{""base_letter"": ""ه"", ""text"": ""هٗٓ""}"
1111,7,160,unresolved_maddah_sign,warning,"Tanda maddah tidak dapat dipetakan ke nucleus mad core; kemungkinan termasuk mad harfi, farq, atau rasm khusus.","{""base_letter"": ""ه"", ""text"": ""هٗٓ""}"
1116,7,165,unresolved_maddah_sign,warning,"Tanda maddah tidak dapat dipetakan ke nucleus mad core; kemungkinan termasuk mad harfi, farq, atau rasm khusus.","{""base_letter"": ""ه"", ""text"": ""هٖٓ""}"
1127,7,176,unresolved_maddah_sign,warning,"Tanda maddah tidak dapat dipetakan ke nucleus mad core; kemungkinan termasuk mad harfi, farq, atau rasm khusus.","{""base_letter"": ""ه"", ""text"": ""هٗٓ""}"
1158,8,1,unresolved_maddah_sign,warning,"Tanda maddah tidak dapat dipetakan ke nucleus mad core; kemungkinan termasuk mad harfi, farq, atau rasm khusus.","{""base_letter"": ""ه"", ""text"": ""هٗٓ""}"
1173,8,16,unresolved_maddah_sign,warning,"Tanda maddah tidak dapat dipetakan ke nucleus mad core; kemungkinan termasuk mad harfi, farq, atau rasm khusus.","{""base_letter"": ""ه"", ""text"": ""هٗٓ""}"
1181,8,24,unresolved_maddah_sign,warning,"Tanda maddah tidak dapat dipetakan ke nucleus mad core; kemungkinan termasuk mad harfi, farq, atau rasm khusus.","{""base_letter"": ""ه"", ""text"": ""هٗٓ""}"
1185,8,28,unresolved_maddah_sign,warning,"Tanda maddah tidak dapat dipetakan ke nucleus mad core; kemungkinan termasuk mad harfi, farq, atau rasm khusus.","{""base_letter"": ""ه"", ""text"": ""هٗٓ""}"
1191,8,34,unresolved_maddah_sign,warning,"Tanda maddah tidak dapat dipetakan ke nucleus mad core; kemungkinan termasuk mad harfi, farq, atau rasm khusus.","{""base_letter"": ""ه"", ""text"": ""هٗٓ""}"
1224,8,67,unresolved_maddah_sign,warning,"Tanda maddah tidak dapat dipetakan ke nucleus mad core; kemungkinan termasuk mad harfi, farq, atau rasm khusus.","{""base_letter"": ""ه"", ""text"": ""هٗٓ""}"
1233,9,1,unresolved_maddah_sign,warning,"Tanda maddah tidak dapat dipetakan ke nucleus mad core; kemungkinan termasuk mad harfi, farq, atau rasm khusus.","{""base_letter"": ""ه"", ""text"": ""هٖٓ""}"
1235,9,3,unresolved_maddah_sign,warning,"Tanda maddah tidak dapat dipetakan ke nucleus mad core; kemungkinan termasuk mad harfi, farq, atau rasm khusus.","{""base_letter"": ""ه"", ""text"": ""هٖٓ""}"
1239,9,7,unresolved_maddah_sign,warning,"Tanda maddah tidak dapat dipetakan ke nucleus mad core; kemungkinan termasuk mad harfi, farq, atau rasm khusus.","{""base_letter"": ""ه"", ""text"": ""هٖٓ""}"
1254,9,22,unresolved_maddah_sign,warning,"Tanda maddah tidak dapat dipetakan ke nucleus mad core; kemungkinan termasuk mad harfi, farq, atau rasm khusus.","{""base_letter"": ""ه"", ""text"": ""هٗٓ""}"
1260,9,28,unresolved_maddah_sign,warning,"Tanda maddah tidak dapat dipetakan ke nucleus mad core; kemungkinan termasuk mad harfi, farq, atau rasm khusus.","{""base_letter"": ""ه"", ""text"": ""هٖٓ""}"
1284,9,52,unresolved_maddah_sign,warning,"Tanda maddah tidak dapat dipetakan ke nucleus mad core; kemungkinan termasuk mad harfi, farq, atau rasm khusus.","{""base_letter"": ""ه"", ""text"": ""هٖٓ""}"
1291,9,59,unresolved_maddah_sign,warning,"Tanda maddah tidak dapat dipetakan ke nucleus mad core; kemungkinan termasuk mad harfi, farq, atau rasm khusus.","{""base_letter"": ""ه"", ""text"": ""هٗٓ""}"
1294,9,62,unresolved_maddah_sign,warning,"Tanda maddah tidak dapat dipetakan ke nucleus mad core; kemungkinan termasuk mad harfi, farq, atau rasm khusus.","{""base_letter"": ""ه"", ""text"": ""هٗٓ""}"
1346,9,114,unresolved_maddah_sign,warning,"Tanda maddah tidak dapat dipetakan ke nucleus mad core; kemungkinan termasuk mad harfi, farq, atau rasm khusus.","{""base_letter"": ""ه"", ""text"": ""هٗٓ""}"
1356,9,124,unresolved_maddah_sign,warning,"Tanda maddah tidak dapat dipetakan ke nucleus mad core; kemungkinan termasuk mad harfi, farq, atau rasm khusus.","{""base_letter"": ""ه"", ""text"": ""هٖٓ""}"
1373,10,12,unresolved_maddah_sign,warning,"Tanda maddah tidak dapat dipetakan ke nucleus mad core; kemungkinan termasuk mad harfi, farq, atau rasm khusus.","{""base_letter"": ""ه"", ""text"": ""هٖٓ""}"
1444,10,83,unresolved_maddah_sign,warning,"Tanda maddah tidak dapat dipetakan ke nucleus mad core; kemungkinan termasuk mad harfi, farq, atau rasm khusus.","{""base_letter"": ""ى"", ""text"": ""ىٓ""}"
1451,10,90,unresolved_maddah_sign,warning,"Tanda maddah tidak dapat dipetakan ke nucleus mad core; kemungkinan termasuk mad harfi, farq, atau rasm khusus.","{""base_letter"": ""ى"", ""text"": ""ىٓ""}"
1470,10,109,unresolved_maddah_sign,warning,"Tanda maddah tidak dapat dipetakan ke nucleus mad core; kemungkinan termasuk mad harfi, farq, atau rasm khusus.","{""base_letter"": ""ى"", ""text"": ""ىٓ""}"
1477,11,7,unresolved_maddah_sign,warning,"Tanda maddah tidak dapat dipetakan ke nucleus mad core; kemungkinan termasuk mad harfi, farq, atau rasm khusus.","{""base_letter"": ""ذ"", ""text"": ""ذَٓ""}"
1482,11,12,unresolved_maddah_sign,warning,"Tanda maddah tidak dapat dipetakan ke nucleus mad core; kemungkinan termasuk mad harfi, farq, atau rasm khusus.","{""base_letter"": ""ى"", ""text"": ""ىٓ""}"
1487,11,17,unresolved_maddah_sign,warning,"Tanda maddah tidak dapat dipetakan ke nucleus mad core; kemungkinan termasuk mad harfi, farq, atau rasm khusus.","{""base_letter"": ""ى"", ""text"": ""ىٓ""}"
1495,11,25,unresolved_maddah_sign,warning,"Tanda maddah tidak dapat dipetakan ke nucleus mad core; kemungkinan termasuk mad harfi, farq, atau rasm khusus.","{""base_letter"": ""ه"", ""text"": ""هٖٓ""}"
1510,11,40,unresolved_maddah_sign,warning,"Tanda maddah tidak dapat dipetakan ke nucleus mad core; kemungkinan termasuk mad harfi, farq, atau rasm khusus.","{""base_letter"": ""ى"", ""text"": ""ىٓ""}"
1510,11,40,unresolved_maddah_sign,warning,"Tanda maddah tidak dapat dipetakan ke nucleus mad core; kemungkinan termasuk mad harfi, farq, atau rasm khusus.","{""base_letter"": ""ه"", ""text"": ""هٗٓ""}"
1527,11,57,unresolved_maddah_sign,warning,"Tanda maddah tidak dapat dipetakan ke nucleus mad core; kemungkinan termasuk mad harfi, farq, atau rasm khusus.","{""base_letter"": ""ه"", ""text"": ""هٖٓ""}"
1540,11,70,unresolved_maddah_sign,warning,"Tanda maddah tidak dapat dipetakan ke nucleus mad core; kemungkinan termasuk mad harfi, farq, atau rasm khusus.","{""base_letter"": ""ى"", ""text"": ""ىٓ""}"
1542,11,72,unresolved_maddah_sign,warning,"Tanda maddah tidak dapat dipetakan ke nucleus mad core; kemungkinan termasuk mad harfi, farq, atau rasm khusus.","{""base_letter"": ""ى"", ""text"": ""ىٓ""}"
1572,11,102,unresolved_maddah_sign,warning,"Tanda maddah tidak dapat dipetakan ke nucleus mad core; kemungkinan termasuk mad harfi, farq, atau rasm khusus.","{""base_letter"": ""ه"", ""text"": ""هٗٓ""}"
1574,11,104,unresolved_maddah_sign,warning,"Tanda maddah tidak dapat dipetakan ke nucleus mad core; kemungkinan termasuk mad harfi, farq, atau rasm khusus.","{""base_letter"": ""ه"", ""text"": ""هٗٓ""}"
1600,12,7,unresolved_maddah_sign,warning,"Tanda maddah tidak dapat dipetakan ke nucleus mad core; kemungkinan termasuk mad harfi, farq, atau rasm khusus.","{""base_letter"": ""ه"", ""text"": ""هٖٓ""}"
1614,12,21,unresolved_maddah_sign,warning,"Tanda maddah tidak dapat dipetakan ke nucleus mad core; kemungkinan termasuk mad harfi, farq, atau rasm khusus.","{""base_letter"": ""ه"", ""text"": ""هٖٓ""}"
1614,12,21,unresolved_maddah_sign,warning,"Tanda maddah tidak dapat dipetakan ke nucleus mad core; kemungkinan termasuk mad harfi, farq, atau rasm khusus.","{""base_letter"": ""ى"", ""text"": ""ىٓ""}"
1615,12,22,unresolved_maddah_sign,warning,"Tanda maddah tidak dapat dipetakan ke nucleus mad core; kemungkinan termasuk mad harfi, farq, atau rasm khusus.","{""base_letter"": ""ه"", ""text"": ""هٗٓ""}"
1624,12,31,unresolved_maddah_sign,warning,"Tanda maddah tidak dapat dipetakan ke nucleus mad core; kemungkinan termasuk mad harfi, farq, atau rasm khusus.","{""base_letter"": ""ه"", ""text"": ""هٗٓ""}"
1630,12,37,unresolved_maddah_sign,warning,"Tanda maddah tidak dapat dipetakan ke nucleus mad core; kemungkinan termasuk mad harfi, farq, atau rasm khusus.","{""base_letter"": ""ه"", ""text"": ""هٖٓ""}"
1633,12,40,unresolved_maddah_sign,warning,"Tanda maddah tidak dapat dipetakan ke nucleus mad core; kemungkinan termasuk mad harfi, farq, atau rasm khusus.","{""base_letter"": ""ه"", ""text"": ""هٖٓ""}"
1640,12,47,unresolved_maddah_sign,warning,"Tanda maddah tidak dapat dipetakan ke nucleus mad core; kemungkinan termasuk mad harfi, farq, atau rasm khusus.","{""base_letter"": ""ه"", ""text"": ""هٖٓ""}"
1647,12,54,unresolved_maddah_sign,warning,"Tanda maddah tidak dapat dipetakan ke nucleus mad core; kemungkinan termasuk mad harfi, farq, atau rasm khusus.","{""base_letter"": ""ه"", ""text"": ""هٖٓ""}"
1659,12,66,unresolved_maddah_sign,warning,"Tanda maddah tidak dapat dipetakan ke nucleus mad core; kemungkinan termasuk mad harfi, farq, atau rasm khusus.","{""base_letter"": ""ه"", ""text"": ""هٖٓ""}"
1667,12,74,unresolved_maddah_sign,warning,"Tanda maddah tidak dapat dipetakan ke nucleus mad core; kemungkinan termasuk mad harfi, farq, atau rasm khusus.","{""base_letter"": ""ه"", ""text"": ""هٗٓ""}"
1671,12,78,unresolved_maddah_sign,warning,"Tanda maddah tidak dapat dipetakan ke nucleus mad core; kemungkinan termasuk mad harfi, farq, atau rasm khusus.","{""base_letter"": ""ه"", ""text"": ""هٗٓ""}"
1672,12,79,unresolved_maddah_sign,warning,"Tanda maddah tidak dapat dipetakan ke nucleus mad core; kemungkinan termasuk mad harfi, farq, atau rasm khusus.","{""base_letter"": ""ه"", ""text"": ""هٗٓ""}"
1705,13,1,unresolved_maddah_sign,warning,"Tanda maddah tidak dapat dipetakan ke nucleus mad core; kemungkinan termasuk mad harfi, farq, atau rasm khusus.","{""base_letter"": ""ل"", ""text"": ""لٓ""}"
1705,13,1,unresolved_maddah_sign,warning,"Tanda maddah tidak dapat dipetakan ke nucleus mad core; kemungkinan termasuk mad harfi, farq, atau rasm khusus.","{""base_letter"": ""م"", ""text"": ""مٓ""}"
1706,13,2,unresolved_maddah_sign,warning,"Tanda maddah tidak dapat dipetakan ke nucleus mad core; kemungkinan termasuk mad harfi, farq, atau rasm khusus.","{""base_letter"": ""أ"", ""text"": ""أٓ""}"
1707,13,3,unresolved_maddah_sign,warning,"Tanda maddah tidak dapat dipetakan ke nucleus mad core; kemungkinan termasuk mad harfi, farq, atau rasm khusus.","{""base_letter"": ""أ"", ""text"": ""أٓ""}"
1708,13,4,unresolved_maddah_sign,warning,"Tanda maddah tidak dapat dipetakan ke nucleus mad core; kemungkinan termasuk mad harfi, farq, atau rasm khusus.","{""base_letter"": ""أ"", ""text"": ""أٓ""}"
1711,13,7,unresolved_maddah_sign,warning,"Tanda maddah tidak dapat dipetakan ke nucleus mad core; kemungkinan termasuk mad harfi, farq, atau rasm khusus.","{""base_letter"": ""ۦ"", ""text"": ""ۦٓۗ""}"
1719,13,15,unresolved_maddah_sign,warning,"Tanda maddah tidak dapat dipetakan ke nucleus mad core; kemungkinan termasuk mad harfi, farq, atau rasm khusus.","{""base_letter"": ""أ"", ""text"": ""أٓ""}"
1720,13,16,unresolved_maddah_sign,warning,"Tanda maddah tidak dapat dipetakan ke nucleus mad core; kemungkinan termasuk mad harfi, farq, atau rasm khusus.","{""base_letter"": ""ۦ"", ""text"": ""ۦٓ""}"
1722,13,18,unresolved_maddah_sign,warning,"Tanda maddah tidak dapat dipetakan ke nucleus mad core; kemungkinan termasuk mad harfi, farq, atau rasm khusus.","{""base_letter"": ""ۦ"", ""text"": ""ۦٓۚ""}"
1725,13,21,unresolved_maddah_sign,warning,"Tanda maddah tidak dapat dipetakan ke nucleus mad core; kemungkinan termasuk mad harfi, farq, atau rasm khusus.","{""base_letter"": ""ۦ"", ""text"": ""ۦٓ""}"
1729,13,25,unresolved_maddah_sign,warning,"Tanda maddah tidak dapat dipetakan ke nucleus mad core; kemungkinan termasuk mad harfi, farq, atau rasm khusus.","{""base_letter"": ""ۦ"", ""text"": ""ۦٓ""}"
1730,13,26,unresolved_maddah_sign,warning,"Tanda maddah tidak dapat dipetakan ke nucleus mad core; kemungkinan termasuk mad harfi, farq, atau rasm khusus.","{""base_letter"": ""أ"", ""text"": ""أٓ""}"
1738,13,34,unresolved_maddah_sign,warning,"Tanda maddah tidak dapat dipetakan ke nucleus mad core; kemungkinan termasuk mad harfi, farq, atau rasm khusus.","{""base_letter"": ""أ"", ""text"": ""أٓ""}"
1740,13,36,unresolved_maddah_sign,warning,"Tanda maddah tidak dapat dipetakan ke nucleus mad core; kemungkinan termasuk mad harfi, farq, atau rasm khusus.","{""base_letter"": ""ۦ"", ""text"": ""ۦٓۚ""}"
1743,13,39,unresolved_maddah_sign,warning,"Tanda maddah tidak dapat dipetakan ke nucleus mad core; kemungkinan termasuk mad harfi, farq, atau rasm khusus.","{""base_letter"": ""ۥ"", ""text"": ""ۥٓ""}"
1820,15,21,unresolved_maddah_sign,warning,"Tanda maddah tidak dapat dipetakan ke nucleus mad core; kemungkinan termasuk mad harfi, farq, atau rasm khusus.","{""base_letter"": ""ه"", ""text"": ""هٗٓ""}"
1830,15,31,unresolved_maddah_sign,warning,"Tanda maddah tidak dapat dipetakan ke nucleus mad core; kemungkinan termasuk mad harfi, farq, atau rasm khusus.","{""base_letter"": ""ى"", ""text"": ""ىٓ""}"
1855,15,56,unresolved_maddah_sign,warning,"Tanda maddah tidak dapat dipetakan ke nucleus mad core; kemungkinan termasuk mad harfi, farq, atau rasm khusus.","{""base_letter"": ""ه"", ""text"": ""هٖٓ""}"
1887,15,88,unresolved_maddah_sign,warning,"Tanda maddah tidak dapat dipetakan ke nucleus mad core; kemungkinan termasuk mad harfi, farq, atau rasm khusus.","{""base_letter"": ""ه"", ""text"": ""هٖٓ""}"
1899,16,1,unresolved_maddah_sign,warning,"Tanda maddah tidak dapat dipetakan ke nucleus mad core; kemungkinan termasuk mad harfi, farq, atau rasm khusus.","{""base_letter"": ""ى"", ""text"": ""ىٓ""}"
1900,16,2,unresolved_maddah_sign,warning,"Tanda maddah tidak dapat dipetakan ke nucleus mad core; kemungkinan termasuk mad harfi, farq, atau rasm khusus.","{""base_letter"": ""ه"", ""text"": ""هٖٓ""}"
1926,16,28,unresolved_maddah_sign,warning,"Tanda maddah tidak dapat dipetakan ke nucleus mad core; kemungkinan termasuk mad harfi, farq, atau rasm khusus.","{""base_letter"": ""ى"", ""text"": ""ىٓ""}"
2004,16,106,unresolved_maddah_sign,warning,"Tanda maddah tidak dapat dipetakan ke nucleus mad core; kemungkinan termasuk mad harfi, farq, atau rasm khusus.","{""base_letter"": ""ه"", ""text"": ""هٖٓ""}"
2058,17,32,unresolved_maddah_sign,warning,"Tanda maddah tidak dapat dipetakan ke nucleus mad core; kemungkinan termasuk mad harfi, farq, atau rasm khusus.","{""base_letter"": ""ى"", ""text"": ""ىٓ""}"
2073,17,47,unresolved_maddah_sign,warning,"Tanda maddah tidak dapat dipetakan ke nucleus mad core; kemungkinan termasuk mad harfi, farq, atau rasm khusus.","{""base_letter"": ""ه"", ""text"": ""هٖٓ""}"
2088,17,62,unresolved_maddah_sign,warning,"Tanda maddah tidak dapat dipetakan ke nucleus mad core; kemungkinan termasuk mad harfi, farq, atau rasm khusus.","{""base_letter"": ""ه"", ""text"": ""هٗٓ""}"
2098,17,72,unresolved_maddah_sign,warning,"Tanda maddah tidak dapat dipetakan ke nucleus mad core; kemungkinan termasuk mad harfi, farq, atau rasm khusus.","{""base_letter"": ""ه"", ""text"": ""هٖٓ""}"
2115,17,89,unresolved_maddah_sign,warning,"Tanda maddah tidak dapat dipetakan ke nucleus mad core; kemungkinan termasuk mad harfi, farq, atau rasm khusus.","{""base_letter"": ""ى"", ""text"": ""ىٓ""}"
2133,17,107,unresolved_maddah_sign,warning,"Tanda maddah tidak dapat dipetakan ke nucleus mad core; kemungkinan termasuk mad harfi, farq, atau rasm khusus.","{""base_letter"": ""ه"", ""text"": ""هٖٓ""}"
2133,17,107,unresolved_maddah_sign,warning,"Tanda maddah tidak dapat dipetakan ke nucleus mad core; kemungkinan termasuk mad harfi, farq, atau rasm khusus.","{""base_letter"": ""ه"", ""text"": ""هٖٓ""}"
2151,18,14,unresolved_maddah_sign,warning,"Tanda maddah tidak dapat dipetakan ke nucleus mad core; kemungkinan termasuk mad harfi, farq, atau rasm khusus.","{""base_letter"": ""ه"", ""text"": ""هٖٓ""}"
2152,18,15,unresolved_maddah_sign,warning,"Tanda maddah tidak dapat dipetakan ke nucleus mad core; kemungkinan termasuk mad harfi, farq, atau rasm khusus.","{""base_letter"": ""ه"", ""text"": ""هٖٓ""}"
2153,18,16,unresolved_maddah_sign,warning,"Tanda maddah tidak dapat dipetakan ke nucleus mad core; kemungkinan termasuk mad harfi, farq, atau rasm khusus.","{""base_letter"": ""و"", ""text"": ""وٗٓ""}"
2156,18,19,unresolved_maddah_sign,warning,"Tanda maddah tidak dapat dipetakan ke nucleus mad core; kemungkinan termasuk mad harfi, farq, atau rasm khusus.","{""base_letter"": ""ه"", ""text"": ""هٖٓ""}"
2163,18,26,unresolved_maddah_sign,warning,"Tanda maddah tidak dapat dipetakan ke nucleus mad core; kemungkinan termasuk mad harfi, farq, atau rasm khusus.","{""base_letter"": ""ه"", ""text"": ""هٖٓ""}"
2171,18,34,unresolved_maddah_sign,warning,"Tanda maddah tidak dapat dipetakan ke nucleus mad core; kemungkinan termasuk mad harfi, farq, atau rasm khusus.","{""base_letter"": ""ه"", ""text"": ""هٗٓ""}"
2172,18,35,unresolved_maddah_sign,warning,"Tanda maddah tidak dapat dipetakan ke nucleus mad core; kemungkinan termasuk mad harfi, farq, atau rasm khusus.","{""base_letter"": ""ه"", ""text"": ""هٖٓ""}"
2174,18,37,unresolved_maddah_sign,warning,"Tanda maddah tidak dapat dipetakan ke nucleus mad core; kemungkinan termasuk mad harfi, farq, atau rasm khusus.","{""base_letter"": ""ه"", ""text"": ""هٗٓ""}"
2187,18,50,unresolved_maddah_sign,warning,"Tanda maddah tidak dapat dipetakan ke nucleus mad core; kemungkinan termasuk mad harfi, farq, atau rasm khusus.","{""base_letter"": ""ه"", ""text"": ""هٗٓ""}"
2214,18,77,unresolved_maddah_sign,warning,"Tanda maddah tidak dapat dipetakan ke nucleus mad core; kemungkinan termasuk mad harfi, farq, atau rasm khusus.","{""base_letter"": ""ى"", ""text"": ""ىٓ""}"
2223,18,86,unresolved_maddah_sign,warning,"Tanda maddah tidak dapat dipetakan ke nucleus mad core; kemungkinan termasuk mad harfi, farq, atau rasm khusus.","{""base_letter"": ""ى"", ""text"": ""ىٓ""}"
2227,18,90,unresolved_maddah_sign,warning,"Tanda maddah tidak dapat dipetakan ke nucleus mad core; kemungkinan termasuk mad harfi, farq, atau rasm khusus.","{""base_letter"": ""ى"", ""text"": ""ىٓ""}"
2230,18,93,unresolved_maddah_sign,warning,"Tanda maddah tidak dapat dipetakan ke nucleus mad core; kemungkinan termasuk mad harfi, farq, atau rasm khusus.","{""base_letter"": ""ى"", ""text"": ""ىٓ""}"
2233,18,96,unresolved_maddah_sign,warning,"Tanda maddah tidak dapat dipetakan ke nucleus mad core; kemungkinan termasuk mad harfi, farq, atau rasm khusus.","{""base_letter"": ""ى"", ""text"": ""ىٓ""}"
2233,18,96,unresolved_maddah_sign,warning,"Tanda maddah tidak dapat dipetakan ke nucleus mad core; kemungkinan termasuk mad harfi, farq, atau rasm khusus.","{""base_letter"": ""ى"", ""text"": ""ىٓ""}"
2247,18,110,unresolved_maddah_sign,warning,"Tanda maddah tidak dapat dipetakan ke nucleus mad core; kemungkinan termasuk mad harfi, farq, atau rasm khusus.","{""base_letter"": ""ه"", ""text"": ""هٖٓ""}"
2267,19,21,unresolved_maddah_sign,warning,"Tanda maddah tidak dapat dipetakan ke nucleus mad core; kemungkinan termasuk mad harfi, farq, atau rasm khusus.","{""base_letter"": ""ه"", ""text"": ""هٗٓ""}"
2295,19,49,unresolved_maddah_sign,warning,"Tanda maddah tidak dapat dipetakan ke nucleus mad core; kemungkinan termasuk mad harfi, farq, atau rasm khusus.","{""base_letter"": ""ه"", ""text"": ""هٗٓ""}"
2321,19,75,unresolved_maddah_sign,warning,"Tanda maddah tidak dapat dipetakan ke nucleus mad core; kemungkinan termasuk mad harfi, farq, atau rasm khusus.","{""base_letter"": ""ى"", ""text"": ""ىٓ""}"
2374,20,31,unresolved_maddah_sign,warning,"Tanda maddah tidak dapat dipetakan ke nucleus mad core; kemungkinan termasuk mad harfi, farq, atau rasm khusus.","{""base_letter"": ""ه"", ""text"": ""هٖٓ""}"
2380,20,37,unresolved_maddah_sign,warning,"Tanda maddah tidak dapat dipetakan ke nucleus mad core; kemungkinan termasuk mad harfi, farq, atau rasm khusus.","{""base_letter"": ""ى"", ""text"": ""ىٓ""}"
2381,20,38,unresolved_maddah_sign,warning,"Tanda maddah tidak dapat dipetakan ke nucleus mad core; kemungkinan termasuk mad harfi, farq, atau rasm khusus.","{""base_letter"": ""ى"", ""text"": ""ىٓ""}"
2396,20,53,unresolved_maddah_sign,warning,"Tanda maddah tidak dapat dipetakan ke nucleus mad core; kemungkinan termasuk mad harfi, farq, atau rasm khusus.","{""base_letter"": ""ه"", ""text"": ""هٖٓ""}"
2474,20,131,unresolved_maddah_sign,warning,"Tanda maddah tidak dapat dipetakan ke nucleus mad core; kemungkinan termasuk mad harfi, farq, atau rasm khusus.","{""base_letter"": ""ه"", ""text"": ""هٖٓ""}"
2502,21,24,unresolved_maddah_sign,warning,"Tanda maddah tidak dapat dipetakan ke nucleus mad core; kemungkinan termasuk mad harfi, farq, atau rasm khusus.","{""base_letter"": ""ه"", ""text"": ""هٖٓ""}"
2538,21,60,unresolved_maddah_sign,warning,"Tanda maddah tidak dapat dipetakan ke nucleus mad core; kemungkinan termasuk mad harfi, farq, atau rasm khusus.","{""base_letter"": ""ه"", ""text"": ""هٗٓ""}"
2550,21,72,unresolved_maddah_sign,warning,"Tanda maddah tidak dapat dipetakan ke nucleus mad core; kemungkinan termasuk mad harfi, farq, atau rasm khusus.","{""base_letter"": ""ه"", ""text"": ""هٗٓ""}"
2559,21,81,unresolved_maddah_sign,warning,"Tanda maddah tidak dapat dipetakan ke nucleus mad core; kemungkinan termasuk mad harfi, farq, atau rasm khusus.","{""base_letter"": ""ه"", ""text"": ""هٖٓ""}"
2561,21,83,unresolved_maddah_sign,warning,"Tanda maddah tidak dapat dipetakan ke nucleus mad core; kemungkinan termasuk mad harfi, farq, atau rasm khusus.","{""base_letter"": ""ه"", ""text"": ""هٗٓ""}"
2570,21,92,unresolved_maddah_sign,warning,"Tanda maddah tidak dapat dipetakan ke nucleus mad core; kemungkinan termasuk mad harfi, farq, atau rasm khusus.","{""base_letter"": ""ه"", ""text"": ""هٖٓ""}"
2574,21,96,unresolved_maddah_sign,warning,"Tanda maddah tidak dapat dipetakan ke nucleus mad core; kemungkinan termasuk mad harfi, farq, atau rasm khusus.","{""base_letter"": ""ى"", ""text"": ""ىٓ""}"
2579,21,101,unresolved_maddah_sign,warning,"Tanda maddah tidak dapat dipetakan ke nucleus mad core; kemungkinan termasuk mad harfi, farq, atau rasm khusus.","{""base_letter"": ""ى"", ""text"": ""ىٓۙ""}"
2603,22,13,unresolved_maddah_sign,warning,"Tanda maddah tidak dapat dipetakan ke nucleus mad core; kemungkinan termasuk mad harfi, farq, atau rasm khusus.","{""base_letter"": ""ه"", ""text"": ""هٗٓ""}"
2624,22,34,unresolved_maddah_sign,warning,"Tanda maddah tidak dapat dipetakan ke nucleus mad core; kemungkinan termasuk mad harfi, farq, atau rasm khusus.","{""base_letter"": ""ه"", ""text"": ""هٗٓ""}"
2642,22,52,unresolved_maddah_sign,warning,"Tanda maddah tidak dapat dipetakan ke nucleus mad core; kemungkinan termasuk mad harfi, farq, atau rasm khusus.","{""base_letter"": ""ى"", ""text"": ""ىٓ""}"
2718,23,50,unresolved_maddah_sign,warning,"Tanda maddah tidak dapat dipetakan ke nucleus mad core; kemungkinan termasuk mad harfi, farq, atau rasm khusus.","{""base_letter"": ""ه"", ""text"": ""هٗٓ""}"
2720,23,52,unresolved_maddah_sign,warning,"Tanda maddah tidak dapat dipetakan ke nucleus mad core; kemungkinan termasuk mad harfi, farq, atau rasm khusus.","{""base_letter"": ""ه"", ""text"": ""هٖٓ""}"
2803,24,17,unresolved_maddah_sign,warning,"Tanda maddah tidak dapat dipetakan ke nucleus mad core; kemungkinan termasuk mad harfi, farq, atau rasm khusus.","{""base_letter"": ""ه"", ""text"": ""هٖٓ""}"
2847,24,61,unresolved_maddah_sign,warning,"Tanda maddah tidak dapat dipetakan ke nucleus mad core; kemungkinan termasuk mad harfi, farq, atau rasm khusus.","{""base_letter"": ""ه"", ""text"": ""هٗٓ""}"
2849,24,63,unresolved_maddah_sign,warning,"Tanda maddah tidak dapat dipetakan ke nucleus mad core; kemungkinan termasuk mad harfi, farq, atau rasm khusus.","{""base_letter"": ""ه"", ""text"": ""هٖٓ""}"
2853,25,3,unresolved_maddah_sign,warning,"Tanda maddah tidak dapat dipetakan ke nucleus mad core; kemungkinan termasuk mad harfi, farq, atau rasm khusus.","{""base_letter"": ""ه"", ""text"": ""هٖٓ""}"
2858,25,8,unresolved_maddah_sign,warning,"Tanda maddah tidak dapat dipetakan ke nucleus mad core; kemungkinan termasuk mad harfi, farq, atau rasm khusus.","{""base_letter"": ""ى"", ""text"": ""ىٓ""}"
2885,25,35,unresolved_maddah_sign,warning,"Tanda maddah tidak dapat dipetakan ke nucleus mad core; kemungkinan termasuk mad harfi, farq, atau rasm khusus.","{""base_letter"": ""ه"", ""text"": ""هٗٓ""}"
2900,25,50,unresolved_maddah_sign,warning,"Tanda maddah tidak dapat dipetakan ke nucleus mad core; kemungkinan termasuk mad harfi, farq, atau rasm khusus.","{""base_letter"": ""ى"", ""text"": ""ىٓ""}"
2951,26,25,unresolved_maddah_sign,warning,"Tanda maddah tidak dapat dipetakan ke nucleus mad core; kemungkinan termasuk mad harfi, farq, atau rasm khusus.","{""base_letter"": ""ه"", ""text"": ""هٗٓ""}"
2957,26,31,unresolved_maddah_sign,warning,"Tanda maddah tidak dapat dipetakan ke nucleus mad core; kemungkinan termasuk mad harfi, farq, atau rasm khusus.","{""base_letter"": ""ه"", ""text"": ""هٖٓ""}"
2960,26,34,unresolved_maddah_sign,warning,"Tanda maddah tidak dapat dipetakan ke nucleus mad core; kemungkinan termasuk mad harfi, farq, atau rasm khusus.","{""base_letter"": ""ه"", ""text"": ""هٗٓ""}"
2991,26,65,unresolved_maddah_sign,warning,"Tanda maddah tidak dapat dipetakan ke nucleus mad core; kemungkinan termasuk mad harfi, farq, atau rasm khusus.","{""base_letter"": ""ه"", ""text"": ""هٗٓ""}"
3096,26,170,unresolved_maddah_sign,warning,"Tanda maddah tidak dapat dipetakan ke nucleus mad core; kemungkinan termasuk mad harfi, farq, atau rasm khusus.","{""base_letter"": ""ه"", ""text"": ""هٗٓ""}"
3160,27,7,unresolved_maddah_sign,warning,"Tanda maddah tidak dapat dipetakan ke nucleus mad core; kemungkinan termasuk mad harfi, farq, atau rasm khusus.","{""base_letter"": ""ه"", ""text"": ""هٖٓ""}"
3162,27,9,unresolved_maddah_sign,warning,"Tanda maddah tidak dapat dipetakan ke nucleus mad core; kemungkinan termasuk mad harfi, farq, atau rasm khusus.","{""base_letter"": ""ه"", ""text"": ""هٗٓ""}"
3171,27,18,unresolved_maddah_sign,warning,"Tanda maddah tidak dapat dipetakan ke nucleus mad core; kemungkinan termasuk mad harfi, farq, atau rasm khusus.","{""base_letter"": ""ى"", ""text"": ""ىٓ""}"
3174,27,21,unresolved_maddah_sign,warning,"Tanda maddah tidak dapat dipetakan ke nucleus mad core; kemungkinan termasuk mad harfi, farq, atau rasm khusus.","{""base_letter"": ""ه"", ""text"": ""هٗٓ""}"
3207,27,54,unresolved_maddah_sign,warning,"Tanda maddah tidak dapat dipetakan ke nucleus mad core; kemungkinan termasuk mad harfi, farq, atau rasm khusus.","{""base_letter"": ""ه"", ""text"": ""هٖٓ""}"
3209,27,56,unresolved_maddah_sign,warning,"Tanda maddah tidak dapat dipetakan ke nucleus mad core; kemungkinan termasuk mad harfi, farq, atau rasm khusus.","{""base_letter"": ""ه"", ""text"": ""هٖٓ""}"
3210,27,57,unresolved_maddah_sign,warning,"Tanda maddah tidak dapat dipetakan ke nucleus mad core; kemungkinan termasuk mad harfi, farq, atau rasm khusus.","{""base_letter"": ""ه"", ""text"": ""هٗٓ""}"
3253,28,8,unresolved_maddah_sign,warning,"Tanda maddah tidak dapat dipetakan ke nucleus mad core; kemungkinan termasuk mad harfi, farq, atau rasm khusus.","{""base_letter"": ""ه"", ""text"": ""هٗٓ""}"
3259,28,14,unresolved_maddah_sign,warning,"Tanda maddah tidak dapat dipetakan ke nucleus mad core; kemungkinan termasuk mad harfi, farq, atau rasm khusus.","{""base_letter"": ""ى"", ""text"": ""ىٓ""}"
3269,28,24,unresolved_maddah_sign,warning,"Tanda maddah tidak dapat dipetakan ke nucleus mad core; kemungkinan termasuk mad harfi, farq, atau rasm khusus.","{""base_letter"": ""ى"", ""text"": ""ىٓ""}"
3274,28,29,unresolved_maddah_sign,warning,"Tanda maddah tidak dapat dipetakan ke nucleus mad core; kemungkinan termasuk mad harfi, farq, atau rasm khusus.","{""base_letter"": ""ه"", ""text"": ""هٖٓ""}"
3298,28,53,unresolved_maddah_sign,warning,"Tanda maddah tidak dapat dipetakan ke nucleus mad core; kemungkinan termasuk mad harfi, farq, atau rasm khusus.","{""base_letter"": ""ه"", ""text"": ""هٖٓ""}"
3304,28,59,unresolved_maddah_sign,warning,"Tanda maddah tidak dapat dipetakan ke nucleus mad core; kemungkinan termasuk mad harfi, farq, atau rasm khusus.","{""base_letter"": ""ى"", ""text"": ""ىٓ""}"
3355,29,23,unresolved_maddah_sign,warning,"Tanda maddah tidak dapat dipetakan ke nucleus mad core; kemungkinan termasuk mad harfi, farq, atau rasm khusus.","{""base_letter"": ""ه"", ""text"": ""هٖٓ""}"
3356,29,24,unresolved_maddah_sign,warning,"Tanda maddah tidak dapat dipetakan ke nucleus mad core; kemungkinan termasuk mad harfi, farq, atau rasm khusus.","{""base_letter"": ""ه"", ""text"": ""هٖٓ""}"
3359,29,27,unresolved_maddah_sign,warning,"Tanda maddah tidak dapat dipetakan ke nucleus mad core; kemungkinan termasuk mad harfi, farq, atau rasm khusus.","{""base_letter"": ""ه"", ""text"": ""هٗٓ""}"
3360,29,28,unresolved_maddah_sign,warning,"Tanda maddah tidak dapat dipetakan ke nucleus mad core; kemungkinan termasuk mad harfi, farq, atau rasm khusus.","{""base_letter"": ""ه"", ""text"": ""هٖٓ""}"
3361,29,29,unresolved_maddah_sign,warning,"Tanda maddah tidak dapat dipetakan ke nucleus mad core; kemungkinan termasuk mad harfi, farq, atau rasm khusus.","{""base_letter"": ""ه"", ""text"": ""هٖٓ""}"
3364,29,32,unresolved_maddah_sign,warning,"Tanda maddah tidak dapat dipetakan ke nucleus mad core; kemungkinan termasuk mad harfi, farq, atau rasm khusus.","{""base_letter"": ""ه"", ""text"": ""هٗٓ""}"
3410,30,10,unresolved_maddah_sign,warning,"Tanda maddah tidak dapat dipetakan ke nucleus mad core; kemungkinan termasuk mad harfi, farq, atau rasm khusus.","{""base_letter"": ""ى"", ""text"": ""ىٓ""}"
3420,30,20,unresolved_maddah_sign,warning,"Tanda maddah tidak dapat dipetakan ke nucleus mad core; kemungkinan termasuk mad harfi, farq, atau rasm khusus.","{""base_letter"": ""ه"", ""text"": ""هٖٓ""}"
3421,30,21,unresolved_maddah_sign,warning,"Tanda maddah tidak dapat dipetakan ke nucleus mad core; kemungkinan termasuk mad harfi, farq, atau rasm khusus.","{""base_letter"": ""ه"", ""text"": ""هٖٓ""}"
3425,30,25,unresolved_maddah_sign,warning,"Tanda maddah tidak dapat dipetakan ke nucleus mad core; kemungkinan termasuk mad harfi, farq, atau rasm khusus.","{""base_letter"": ""ه"", ""text"": ""هٖٓ""}"
3446,30,46,unresolved_maddah_sign,warning,"Tanda maddah tidak dapat dipetakan ke nucleus mad core; kemungkinan termasuk mad harfi, farq, atau rasm khusus.","{""base_letter"": ""ه"", ""text"": ""هٖٓ""}"
3448,30,48,unresolved_maddah_sign,warning,"Tanda maddah tidak dapat dipetakan ke nucleus mad core; kemungkinan termasuk mad harfi, farq, atau rasm khusus.","{""base_letter"": ""ه"", ""text"": ""هٖٓ""}"
3481,31,22,unresolved_maddah_sign,warning,"Tanda maddah tidak dapat dipetakan ke nucleus mad core; kemungkinan termasuk mad harfi, farq, atau rasm khusus.","{""base_letter"": ""ه"", ""text"": ""هٗٓ""}"
3497,32,5,unresolved_maddah_sign,warning,"Tanda maddah tidak dapat dipetakan ke nucleus mad core; kemungkinan termasuk mad harfi, farq, atau rasm khusus.","{""base_letter"": ""ه"", ""text"": ""هٗٓ""}"
3504,32,12,unresolved_maddah_sign,warning,"Tanda maddah tidak dapat dipetakan ke nucleus mad core; kemungkinan termasuk mad harfi, farq, atau rasm khusus.","{""base_letter"": ""ى"", ""text"": ""ىٓ""}"
3524,33,2,unresolved_maddah_sign,warning,"Tanda maddah tidak dapat dipetakan ke nucleus mad core; kemungkinan termasuk mad harfi, farq, atau rasm khusus.","{""base_letter"": ""ى"", ""text"": ""ىٓ""}"
3528,33,6,unresolved_maddah_sign,warning,"Tanda maddah tidak dapat dipetakan ke nucleus mad core; kemungkinan termasuk mad harfi, farq, atau rasm khusus.","{""base_letter"": ""ه"", ""text"": ""هٗٓ""}"
3534,33,12,unresolved_maddah_sign,warning,"Tanda maddah tidak dapat dipetakan ke nucleus mad core; kemungkinan termasuk mad harfi, farq, atau rasm khusus.","{""base_letter"": ""ه"", ""text"": ""هٗٓ""}"
3558,33,36,unresolved_maddah_sign,warning,"Tanda maddah tidak dapat dipetakan ke nucleus mad core; kemungkinan termasuk mad harfi, farq, atau rasm khusus.","{""base_letter"": ""ه"", ""text"": ""هٗٓ""}"
3575,33,53,unresolved_maddah_sign,warning,"Tanda maddah tidak dapat dipetakan ke nucleus mad core; kemungkinan termasuk mad harfi, farq, atau rasm khusus.","{""base_letter"": ""ه"", ""text"": ""هٖٓ""}"
3581,33,59,unresolved_maddah_sign,warning,"Tanda maddah tidak dapat dipetakan ke nucleus mad core; kemungkinan termasuk mad harfi, farq, atau rasm khusus.","{""base_letter"": ""ى"", ""text"": ""ىٓ""}"
3609,34,14,unresolved_maddah_sign,warning,"Tanda maddah tidak dapat dipetakan ke nucleus mad core; kemungkinan termasuk mad harfi, farq, atau rasm khusus.","{""base_letter"": ""ه"", ""text"": ""هٖٓ""}"
3618,34,23,unresolved_maddah_sign,warning,"Tanda maddah tidak dapat dipetakan ke nucleus mad core; kemungkinan termasuk mad harfi, farq, atau rasm khusus.","{""base_letter"": ""ه"", ""text"": ""هٗٓ""}"
3618,34,23,unresolved_maddah_sign,warning,"Tanda maddah tidak dapat dipetakan ke nucleus mad core; kemungkinan termasuk mad harfi, farq, atau rasm khusus.","{""base_letter"": ""ى"", ""text"": ""ىٓ""}"
3626,34,31,unresolved_maddah_sign,warning,"Tanda maddah tidak dapat dipetakan ke nucleus mad core; kemungkinan termasuk mad harfi, farq, atau rasm khusus.","{""base_letter"": ""ى"", ""text"": ""ىٓ""}"
3628,34,33,unresolved_maddah_sign,warning,"Tanda maddah tidak dapat dipetakan ke nucleus mad core; kemungkinan termasuk mad harfi, farq, atau rasm khusus.","{""base_letter"": ""ه"", ""text"": ""هٗٓ""}"
3632,34,37,unresolved_maddah_sign,warning,"Tanda maddah tidak dapat dipetakan ke nucleus mad core; kemungkinan termasuk mad harfi, farq, atau rasm khusus.","{""base_letter"": ""ى"", ""text"": ""ىٓ""}"
3646,34,51,unresolved_maddah_sign,warning,"Tanda maddah tidak dapat dipetakan ke nucleus mad core; kemungkinan termasuk mad harfi, farq, atau rasm khusus.","{""base_letter"": ""ى"", ""text"": ""ىٓ""}"
3660,35,11,unresolved_maddah_sign,warning,"Tanda maddah tidak dapat dipetakan ke nucleus mad core; kemungkinan termasuk mad harfi, farq, atau rasm khusus.","{""base_letter"": ""ه"", ""text"": ""هٖٓ""}"
3716,36,23,unresolved_maddah_sign,warning,"Tanda maddah tidak dapat dipetakan ke nucleus mad core; kemungkinan termasuk mad harfi, farq, atau rasm khusus.","{""base_letter"": ""ه"", ""text"": ""هٖٓ""}"
3740,36,47,unresolved_maddah_sign,warning,"Tanda maddah tidak dapat dipetakan ke nucleus mad core; kemungkinan termasuk mad harfi, farq, atau rasm khusus.","{""base_letter"": ""ه"", ""text"": ""هٗٓ""}"
3775,36,82,unresolved_maddah_sign,warning,"Tanda maddah tidak dapat dipetakan ke nucleus mad core; kemungkinan termasuk mad harfi, farq, atau rasm khusus.","{""base_letter"": ""ه"", ""text"": ""هٗٓ""}"
3900,37,124,unresolved_maddah_sign,warning,"Tanda maddah tidak dapat dipetakan ke nucleus mad core; kemungkinan termasuk mad harfi, farq, atau rasm khusus.","{""base_letter"": ""ه"", ""text"": ""هٖٓ""}"
3910,37,134,unresolved_maddah_sign,warning,"Tanda maddah tidak dapat dipetakan ke nucleus mad core; kemungkinan termasuk mad harfi, farq, atau rasm khusus.","{""base_letter"": ""ه"", ""text"": ""هٗٓ""}"
3920,37,144,unresolved_maddah_sign,warning,"Tanda maddah tidak dapat dipetakan ke nucleus mad core; kemungkinan termasuk mad harfi, farq, atau rasm khusus.","{""base_letter"": ""ه"", ""text"": ""هٖٓ""}"
3975,38,17,unresolved_maddah_sign,warning,"Tanda maddah tidak dapat dipetakan ke nucleus mad core; kemungkinan termasuk mad harfi, farq, atau rasm khusus.","{""base_letter"": ""ه"", ""text"": ""هٗٓ""}"
3977,38,19,unresolved_maddah_sign,warning,"Tanda maddah tidak dapat dipetakan ke nucleus mad core; kemungkinan termasuk mad harfi, farq, atau rasm khusus.","{""base_letter"": ""ه"", ""text"": ""هٗٓ""}"
3988,38,30,unresolved_maddah_sign,warning,"Tanda maddah tidak dapat dipetakan ke nucleus mad core; kemungkinan termasuk mad harfi, farq, atau rasm khusus.","{""base_letter"": ""ه"", ""text"": ""هٗٓ""}"
3999,38,41,unresolved_maddah_sign,warning,"Tanda maddah tidak dapat dipetakan ke nucleus mad core; kemungkinan termasuk mad harfi, farq, atau rasm khusus.","{""base_letter"": ""ه"", ""text"": ""هٗٓ""}"
4001,38,43,unresolved_maddah_sign,warning,"Tanda maddah tidak dapat dipetakan ke nucleus mad core; kemungkinan termasuk mad harfi, farq, atau rasm khusus.","{""base_letter"": ""ه"", ""text"": ""هٗٓ""}"
4002,38,44,unresolved_maddah_sign,warning,"Tanda maddah tidak dapat dipetakan ke nucleus mad core; kemungkinan termasuk mad harfi, farq, atau rasm khusus.","{""base_letter"": ""ه"", ""text"": ""هٗٓ""}"
4016,38,58,unresolved_maddah_sign,warning,"Tanda maddah tidak dapat dipetakan ke nucleus mad core; kemungkinan termasuk mad harfi, farq, atau rasm khusus.","{""base_letter"": ""ه"", ""text"": ""هٖٓ""}"
4028,38,70,unresolved_maddah_sign,warning,"Tanda maddah tidak dapat dipetakan ke nucleus mad core; kemungkinan termasuk mad harfi, farq, atau rasm khusus.","{""base_letter"": ""ى"", ""text"": ""ىٓ""}"
4049,39,3,unresolved_maddah_sign,warning,"Tanda maddah tidak dapat dipetakan ke nucleus mad core; kemungkinan termasuk mad harfi, farq, atau rasm khusus.","{""base_letter"": ""ه"", ""text"": ""هٖٓ""}"
4079,39,33,unresolved_maddah_sign,warning,"Tanda maddah tidak dapat dipetakan ke nucleus mad core; kemungkinan termasuk mad harfi, farq, atau rasm khusus.","{""base_letter"": ""ه"", ""text"": ""هٖٓ""}"
4084,39,38,unresolved_maddah_sign,warning,"Tanda maddah tidak dapat dipetakan ke nucleus mad core; kemungkinan termasuk mad harfi, farq, atau rasm khusus.","{""base_letter"": ""ه"", ""text"": ""هٖٓ""}"
4088,39,42,unresolved_maddah_sign,warning,"Tanda maddah tidak dapat dipetakan ke nucleus mad core; kemungkinan termasuk mad harfi, farq, atau rasm khusus.","{""base_letter"": ""ى"", ""text"": ""ىٓ""}"
4091,39,45,unresolved_maddah_sign,warning,"Tanda maddah tidak dapat dipetakan ke nucleus mad core; kemungkinan termasuk mad harfi, farq, atau rasm khusus.","{""base_letter"": ""ه"", ""text"": ""هٖٓ""}"
4117,39,71,unresolved_maddah_sign,warning,"Tanda maddah tidak dapat dipetakan ke nucleus mad core; kemungkinan termasuk mad harfi, farq, atau rasm khusus.","{""base_letter"": ""ى"", ""text"": ""ىٓ""}"
4119,39,73,unresolved_maddah_sign,warning,"Tanda maddah tidak dapat dipetakan ke nucleus mad core; kemungkinan termasuk mad harfi, farq, atau rasm khusus.","{""base_letter"": ""ى"", ""text"": ""ىٓ""}"
4132,40,12,unresolved_maddah_sign,warning,"Tanda maddah tidak dapat dipetakan ke nucleus mad core; kemungkinan termasuk mad harfi, farq, atau rasm khusus.","{""base_letter"": ""ه"", ""text"": ""هٗٓ""}"
4147,40,27,unresolved_maddah_sign,warning,"Tanda maddah tidak dapat dipetakan ke nucleus mad core; kemungkinan termasuk mad harfi, farq, atau rasm khusus.","{""base_letter"": ""ى"", ""text"": ""ىٓ""}"
4148,40,28,unresolved_maddah_sign,warning,"Tanda maddah tidak dapat dipetakan ke nucleus mad core; kemungkinan termasuk mad harfi, farq, atau rasm khusus.","{""base_letter"": ""ه"", ""text"": ""هٗٓ""}"
4154,40,34,unresolved_maddah_sign,warning,"Tanda maddah tidak dapat dipetakan ke nucleus mad core; kemungkinan termasuk mad harfi, farq, atau rasm khusus.","{""base_letter"": ""ى"", ""text"": ""ىٓ""}"
4160,40,40,unresolved_maddah_sign,warning,"Tanda maddah tidak dapat dipetakan ke nucleus mad core; kemungkinan termasuk mad harfi, farq, atau rasm khusus.","{""base_letter"": ""ى"", ""text"": ""ىٓ""}"
4188,40,68,unresolved_maddah_sign,warning,"Tanda maddah tidak dapat dipetakan ke nucleus mad core; kemungkinan termasuk mad harfi, farq, atau rasm khusus.","{""base_letter"": ""ى"", ""text"": ""ىٓ""}"
4210,41,6,unresolved_maddah_sign,warning,"Tanda maddah tidak dapat dipetakan ke nucleus mad core; kemungkinan termasuk mad harfi, farq, atau rasm khusus.","{""base_letter"": ""ى"", ""text"": ""ىٓ""}"
4213,41,9,unresolved_maddah_sign,warning,"Tanda maddah tidak dapat dipetakan ke nucleus mad core; kemungkinan termasuk mad harfi, farq, atau rasm khusus.","{""base_letter"": ""ه"", ""text"": ""هٗٓ""}"
4215,41,11,unresolved_maddah_sign,warning,"Tanda maddah tidak dapat dipetakan ke nucleus mad core; kemungkinan termasuk mad harfi, farq, atau rasm khusus.","{""base_letter"": ""ى"", ""text"": ""ىٓ""}"
4224,41,20,unresolved_maddah_sign,warning,"Tanda maddah tidak dapat dipetakan ke nucleus mad core; kemungkinan termasuk mad harfi, farq, atau rasm khusus.","{""base_letter"": ""ى"", ""text"": ""ىٓ""}"
4243,41,39,unresolved_maddah_sign,warning,"Tanda maddah tidak dapat dipetakan ke nucleus mad core; kemungkinan termasuk mad harfi, farq, atau rasm khusus.","{""base_letter"": ""ه"", ""text"": ""هٖٓ""}"
4262,42,6,unresolved_maddah_sign,warning,"Tanda maddah tidak dapat dipetakan ke nucleus mad core; kemungkinan termasuk mad harfi, farq, atau rasm khusus.","{""base_letter"": ""ه"", ""text"": ""هٖٓ""}"
4265,42,9,unresolved_maddah_sign,warning,"Tanda maddah tidak dapat dipetakan ke nucleus mad core; kemungkinan termasuk mad harfi, farq, atau rasm khusus.","{""base_letter"": ""ه"", ""text"": ""هٖٓ""}"
4266,42,10,unresolved_maddah_sign,warning,"Tanda maddah tidak dapat dipetakan ke nucleus mad core; kemungkinan termasuk mad harfi, farq, atau rasm khusus.","{""base_letter"": ""ه"", ""text"": ""هٗٓ""}"
4269,42,13,unresolved_maddah_sign,warning,"Tanda maddah tidak dapat dipetakan ke nucleus mad core; kemungkinan termasuk mad harfi, farq, atau rasm khusus.","{""base_letter"": ""ه"", ""text"": ""هٖٓ""}"
4316,43,8,unresolved_maddah_sign,warning,"Tanda maddah tidak dapat dipetakan ke nucleus mad core; kemungkinan termasuk mad harfi, farq, atau rasm khusus.","{""base_letter"": ""ن"", ""text"": ""نَٓ""}"
4334,43,26,unresolved_maddah_sign,warning,"Tanda maddah tidak dapat dipetakan ke nucleus mad core; kemungkinan termasuk mad harfi, farq, atau rasm khusus.","{""base_letter"": ""ه"", ""text"": ""هٖٓ""}"
4346,43,38,unresolved_maddah_sign,warning,"Tanda maddah tidak dapat dipetakan ke nucleus mad core; kemungkinan termasuk mad harfi, farq, atau rasm khusus.","{""base_letter"": ""ى"", ""text"": ""ىٓ""}"
4361,43,53,unresolved_maddah_sign,warning,"Tanda maddah tidak dapat dipetakan ke nucleus mad core; kemungkinan termasuk mad harfi, farq, atau rasm khusus.","{""base_letter"": ""ل"", ""text"": ""لَٓ""}"
4418,44,22,unresolved_maddah_sign,warning,"Tanda maddah tidak dapat dipetakan ke nucleus mad core; kemungkinan termasuk mad harfi, farq, atau rasm khusus.","{""base_letter"": ""ه"", ""text"": ""هٗٓ""}"
4495,46,5,unresolved_maddah_sign,warning,"Tanda maddah tidak dapat dipetakan ke nucleus mad core; kemungkinan termasuk mad harfi, farq, atau rasm khusus.","{""base_letter"": ""ه"", ""text"": ""هٗٓ""}"
4505,46,15,unresolved_maddah_sign,warning,"Tanda maddah tidak dapat dipetakan ke nucleus mad core; kemungkinan termasuk mad harfi, farq, atau rasm khusus.","{""base_letter"": ""ى"", ""text"": ""ىٓ""}"
4511,46,21,unresolved_maddah_sign,warning,"Tanda maddah tidak dapat dipetakan ke nucleus mad core; kemungkinan termasuk mad harfi, farq, atau rasm khusus.","{""base_letter"": ""ه"", ""text"": ""هٖٓ""}"
4515,46,25,unresolved_maddah_sign,warning,"Tanda maddah tidak dapat dipetakan ke nucleus mad core; kemungkinan termasuk mad harfi, farq, atau rasm khusus.","{""base_letter"": ""ى"", ""text"": ""ىٓ""}"
4522,46,32,unresolved_maddah_sign,warning,"Tanda maddah tidak dapat dipetakan ke nucleus mad core; kemungkinan termasuk mad harfi, farq, atau rasm khusus.","{""base_letter"": ""ه"", ""text"": ""هٖٓ""}"
4541,47,16,unresolved_maddah_sign,warning,"Tanda maddah tidak dapat dipetakan ke nucleus mad core; kemungkinan termasuk mad harfi, farq, atau rasm khusus.","{""base_letter"": ""ى"", ""text"": ""ىٓ""}"
4592,48,29,unresolved_maddah_sign,warning,"Tanda maddah tidak dapat dipetakan ke nucleus mad core; kemungkinan termasuk mad harfi, farq, atau rasm khusus.","{""base_letter"": ""ه"", ""text"": ""هٗٓ""}"
4682,51,27,unresolved_maddah_sign,warning,"Tanda maddah tidak dapat dipetakan ke nucleus mad core; kemungkinan termasuk mad harfi, farq, atau rasm khusus.","{""base_letter"": ""ه"", ""text"": ""هٗٓ""}"
4693,51,38,unresolved_maddah_sign,warning,"Tanda maddah tidak dapat dipetakan ke nucleus mad core; kemungkinan termasuk mad harfi, farq, atau rasm khusus.","{""base_letter"": ""ى"", ""text"": ""ىٓ""}"
4748,52,34,unresolved_maddah_sign,warning,"Tanda maddah tidak dapat dipetakan ke nucleus mad core; kemungkinan termasuk mad harfi, farq, atau rasm khusus.","{""base_letter"": ""ه"", ""text"": ""هٖٓ""}"
4773,53,10,unresolved_maddah_sign,warning,"Tanda maddah tidak dapat dipetakan ke nucleus mad core; kemungkinan termasuk mad harfi, farq, atau rasm khusus.","{""base_letter"": ""ى"", ""text"": ""ىٓ""}"
4800,53,37,unresolved_maddah_sign,warning,"Tanda maddah tidak dapat dipetakan ke nucleus mad core; kemungkinan termasuk mad harfi, farq, atau rasm khusus.","{""base_letter"": ""ى"", ""text"": ""ىٓ""}"
4813,53,50,unresolved_maddah_sign,warning,"Tanda maddah tidak dapat dipetakan ke nucleus mad core; kemungkinan termasuk mad harfi, farq, atau rasm khusus.","{""base_letter"": ""ه"", ""text"": ""هٗٓ""}"
4835,54,10,unresolved_maddah_sign,warning,"Tanda maddah tidak dapat dipetakan ke nucleus mad core; kemungkinan termasuk mad harfi, farq, atau rasm khusus.","{""base_letter"": ""ه"", ""text"": ""هٗٓ""}"
4849,54,24,unresolved_maddah_sign,warning,"Tanda maddah tidak dapat dipetakan ke nucleus mad core; kemungkinan termasuk mad harfi, farq, atau rasm khusus.","{""base_letter"": ""ه"", ""text"": ""هٗٓ""}"
4918,55,39,unresolved_maddah_sign,warning,"Tanda maddah tidak dapat dipetakan ke nucleus mad core; kemungkinan termasuk mad harfi, farq, atau rasm khusus.","{""base_letter"": ""ه"", ""text"": ""هٖٓ""}"
5015,56,59,unresolved_maddah_sign,warning,"Tanda maddah tidak dapat dipetakan ke nucleus mad core; kemungkinan termasuk mad harfi, farq, atau rasm khusus.","{""base_letter"": ""ه"", ""text"": ""هٗٓ""}"
5020,56,64,unresolved_maddah_sign,warning,"Tanda maddah tidak dapat dipetakan ke nucleus mad core; kemungkinan termasuk mad harfi, farq, atau rasm khusus.","{""base_letter"": ""ه"", ""text"": ""هٗٓ""}"
5035,56,79,unresolved_maddah_sign,warning,"Tanda maddah tidak dapat dipetakan ke nucleus mad core; kemungkinan termasuk mad harfi, farq, atau rasm khusus.","{""base_letter"": ""ه"", ""text"": ""هٗٓ""}"
5061,57,9,unresolved_maddah_sign,warning,"Tanda maddah tidak dapat dipetakan ke nucleus mad core; kemungkinan termasuk mad harfi, farq, atau rasm khusus.","{""base_letter"": ""ه"", ""text"": ""هٖٓ""}"
5063,57,11,unresolved_maddah_sign,warning,"Tanda maddah tidak dapat dipetakan ke nucleus mad core; kemungkinan termasuk mad harfi, farq, atau rasm khusus.","{""base_letter"": ""ه"", ""text"": ""هٗٓ""}"
5071,57,19,unresolved_maddah_sign,warning,"Tanda maddah tidak dapat dipetakan ke nucleus mad core; kemungkinan termasuk mad harfi, farq, atau rasm khusus.","{""base_letter"": ""ه"", ""text"": ""هٖٓ""}"
5101,58,20,unresolved_maddah_sign,warning,"Tanda maddah tidak dapat dipetakan ke nucleus mad core; kemungkinan termasuk mad harfi, farq, atau rasm khusus.","{""base_letter"": ""ه"", ""text"": ""هٗٓ""}"
5131,60,4,unresolved_maddah_sign,warning,"Tanda maddah tidak dapat dipetakan ke nucleus mad core; kemungkinan termasuk mad harfi, farq, atau rasm khusus.","{""base_letter"": ""ه"", ""text"": ""هٗٓ""}"
5146,61,6,unresolved_maddah_sign,warning,"Tanda maddah tidak dapat dipetakan ke nucleus mad core; kemungkinan termasuk mad harfi, farq, atau rasm khusus.","{""base_letter"": ""ه"", ""text"": ""هٗٓ""}"
5147,61,7,unresolved_maddah_sign,warning,"Tanda maddah tidak dapat dipetakan ke nucleus mad core; kemungkinan termasuk mad harfi, farq, atau rasm khusus.","{""base_letter"": ""ى"", ""text"": ""ىٓ""}"
5161,62,7,unresolved_maddah_sign,warning,"Tanda maddah tidak dapat dipetakan ke nucleus mad core; kemungkinan termasuk mad harfi, farq, atau rasm khusus.","{""base_letter"": ""ه"", ""text"": ""هٗٓ""}"
5191,64,15,unresolved_maddah_sign,warning,"Tanda maddah tidak dapat dipetakan ke nucleus mad core; kemungkinan termasuk mad harfi, farq, atau rasm khusus.","{""base_letter"": ""ه"", ""text"": ""هٗٓ""}"
5199,65,5,unresolved_maddah_sign,warning,"Tanda maddah tidak dapat dipetakan ke nucleus mad core; kemungkinan termasuk mad harfi, farq, atau rasm khusus.","{""base_letter"": ""ه"", ""text"": ""هٗٓ""}"
5199,65,5,unresolved_maddah_sign,warning,"Tanda maddah tidak dapat dipetakan ke nucleus mad core; kemungkinan termasuk mad harfi, farq, atau rasm khusus.","{""base_letter"": ""ه"", ""text"": ""هٗٓ""}"
5200,65,6,unresolved_maddah_sign,warning,"Tanda maddah tidak dapat dipetakan ke nucleus mad core; kemungkinan termasuk mad harfi, farq, atau rasm khusus.","{""base_letter"": ""ه"", ""text"": ""هٗٓ""}"
5211,66,5,unresolved_maddah_sign,warning,"Tanda maddah tidak dapat dipetakan ke nucleus mad core; kemungkinan termasuk mad harfi, farq, atau rasm khusus.","{""base_letter"": ""ه"", ""text"": ""هٗٓ""}"
5211,66,5,unresolved_maddah_sign,warning,"Tanda maddah tidak dapat dipetakan ke nucleus mad core; kemungkinan termasuk mad harfi, farq, atau rasm khusus.","{""base_letter"": ""ه"", ""text"": ""هٗٓ""}"
5240,67,22,unresolved_maddah_sign,warning,"Tanda maddah tidak dapat dipetakan ke nucleus mad core; kemungkinan termasuk mad harfi, farq, atau rasm khusus.","{""base_letter"": ""ه"", ""text"": ""هٖٓ""}"
5240,67,22,unresolved_maddah_sign,warning,"Tanda maddah tidak dapat dipetakan ke nucleus mad core; kemungkinan termasuk mad harfi, farq, atau rasm khusus.","{""base_letter"": ""ى"", ""text"": ""ىٓ""}"
5336,69,37,unresolved_maddah_sign,warning,"Tanda maddah tidak dapat dipetakan ke nucleus mad core; kemungkinan termasuk mad harfi, farq, atau rasm khusus.","{""base_letter"": ""ه"", ""text"": ""هٗٓ""}"
5396,71,1,unresolved_maddah_sign,warning,"Tanda maddah tidak dapat dipetakan ke nucleus mad core; kemungkinan termasuk mad harfi, farq, atau rasm khusus.","{""base_letter"": ""ه"", ""text"": ""هٖٓ""}"
5416,71,21,unresolved_maddah_sign,warning,"Tanda maddah tidak dapat dipetakan ke nucleus mad core; kemungkinan termasuk mad harfi, farq, atau rasm khusus.","{""base_letter"": ""ه"", ""text"": ""هٗٓ""}"
5436,72,13,unresolved_maddah_sign,warning,"Tanda maddah tidak dapat dipetakan ke nucleus mad core; kemungkinan termasuk mad harfi, farq, atau rasm khusus.","{""base_letter"": ""ى"", ""text"": ""ىٓ""}"
5443,72,20,unresolved_maddah_sign,warning,"Tanda maddah tidak dapat dipetakan ke nucleus mad core; kemungkinan termasuk mad harfi, farq, atau rasm khusus.","{""base_letter"": ""ه"", ""text"": ""هٖٓ""}"
5447,72,24,unresolved_maddah_sign,warning,"Tanda maddah tidak dapat dipetakan ke nucleus mad core; kemungkinan termasuk mad harfi, farq, atau rasm khusus.","{""base_letter"": ""ى"", ""text"": ""ىٓ""}"
5449,72,26,unresolved_maddah_sign,warning,"Tanda maddah tidak dapat dipetakan ke nucleus mad core; kemungkinan termasuk mad harfi, farq, atau rasm khusus.","{""base_letter"": ""ه"", ""text"": ""هٖٓ""}"
5454,73,3,unresolved_maddah_sign,warning,"Tanda maddah tidak dapat dipetakan ke nucleus mad core; kemungkinan termasuk mad harfi, farq, atau rasm khusus.","{""base_letter"": ""ه"", ""text"": ""هٗٓ""}"
5518,74,47,unresolved_maddah_sign,warning,"Tanda maddah tidak dapat dipetakan ke nucleus mad core; kemungkinan termasuk mad harfi, farq, atau rasm khusus.","{""base_letter"": ""ى"", ""text"": ""ىٓ""}"
5735,80,1,unresolved_maddah_sign,warning,"Tanda maddah tidak dapat dipetakan ke nucleus mad core; kemungkinan termasuk mad harfi, farq, atau rasm khusus.","{""base_letter"": ""ى"", ""text"": ""ىٓۙ""}"
5737,80,3,unresolved_maddah_sign,warning,"Tanda maddah tidak dapat dipetakan ke nucleus mad core; kemungkinan termasuk mad harfi, farq, atau rasm khusus.","{""base_letter"": ""ى"", ""text"": ""ىٓۙ""}"
5758,80,24,unresolved_maddah_sign,warning,"Tanda maddah tidak dapat dipetakan ke nucleus mad core; kemungkinan termasuk mad harfi, farq, atau rasm khusus.","{""base_letter"": ""ه"", ""text"": ""هٖٓ""}"
5836,83,12,unresolved_maddah_sign,warning,"Tanda maddah tidak dapat dipetakan ke nucleus mad core; kemungkinan termasuk mad harfi, farq, atau rasm khusus.","{""base_letter"": ""ه"", ""text"": ""هٖٓ""}"
5930,87,6,unresolved_maddah_sign,warning,"Tanda maddah tidak dapat dipetakan ke nucleus mad core; kemungkinan termasuk mad harfi, farq, atau rasm khusus.","{""base_letter"": ""ى"", ""text"": ""ىٓ""}"
5993,89,25,unresolved_maddah_sign,warning,"Tanda maddah tidak dapat dipetakan ke nucleus mad core; kemungkinan termasuk mad harfi, farq, atau rasm khusus.","{""base_letter"": ""ه"", ""text"": ""هٗٓ""}"
5994,89,26,unresolved_maddah_sign,warning,"Tanda maddah tidak dapat dipetakan ke nucleus mad core; kemungkinan termasuk mad harfi, farq, atau rasm khusus.","{""base_letter"": ""ه"", ""text"": ""هٗٓ""}"
6005,90,7,unresolved_maddah_sign,warning,"Tanda maddah tidak dapat dipetakan ke nucleus mad core; kemungkinan termasuk mad harfi, farq, atau rasm khusus.","{""base_letter"": ""ه"", ""text"": ""هٗٓ""}"
6036,92,3,unresolved_maddah_sign,warning,"Tanda maddah tidak dapat dipetakan ke nucleus mad core; kemungkinan termasuk mad harfi, farq, atau rasm khusus.","{""base_letter"": ""ى"", ""text"": ""ىٓ""}"
6044,92,11,unresolved_maddah_sign,warning,"Tanda maddah tidak dapat dipetakan ke nucleus mad core; kemungkinan termasuk mad harfi, farq, atau rasm khusus.","{""base_letter"": ""ه"", ""text"": ""هٗٓ""}"
6044,92,11,unresolved_maddah_sign,warning,"Tanda maddah tidak dapat dipetakan ke nucleus mad core; kemungkinan termasuk mad harfi, farq, atau rasm khusus.","{""base_letter"": ""ى"", ""text"": ""ىٓۙ""}"
6052,92,19,unresolved_maddah_sign,warning,"Tanda maddah tidak dapat dipetakan ke nucleus mad core; kemungkinan termasuk mad harfi, farq, atau rasm khusus.","{""base_letter"": ""ى"", ""text"": ""ىٓۙ""}"
6086,96,6,unresolved_maddah_sign,warning,"Tanda maddah tidak dapat dipetakan ke nucleus mad core; kemungkinan termasuk mad harfi, farq, atau rasm khusus.","{""base_letter"": ""ى"", ""text"": ""ىٓ""}"
6091,96,11,unresolved_maddah_sign,warning,"Tanda maddah tidak dapat dipetakan ke nucleus mad core; kemungkinan termasuk mad harfi, farq, atau rasm khusus.","{""base_letter"": ""ى"", ""text"": ""ىٓۙ""}"
6154,104,3,unresolved_maddah_sign,warning,"Tanda maddah tidak dapat dipetakan ke nucleus mad core; kemungkinan termasuk mad harfi, farq, atau rasm khusus.","{""base_letter"": ""ه"", ""text"": ""هٗٓ""}"
